name,type,direction,description
smi_00,string,,Generated molecule index 0. The mol2mol or the scaffold priors from REINVENT were used
smi_01,string,,Generated molecule index 1. The mol2mol or the scaffold priors from REINVENT were used
smi_02,string,,Generated molecule index 2. The mol2mol or the scaffold priors from REINVENT were used
smi_03,string,,Generated molecule index 3. The mol2mol or the scaffold priors from REINVENT were used
smi_04,string,,Generated molecule index 4. The mol2mol or the scaffold priors from REINVENT were used
smi_05,string,,Generated molecule index 5. The mol2mol or the scaffold priors from REINVENT were used
smi_06,string,,Generated molecule index 6. The mol2mol or the scaffold priors from REINVENT were used
smi_07,string,,Generated molecule index 7. The mol2mol or the scaffold priors from REINVENT were used
smi_08,string,,Generated molecule index 8. The mol2mol or the scaffold priors from REINVENT were used
smi_09,string,,Generated molecule index 9. The mol2mol or the scaffold priors from REINVENT were used
smi_10,string,,Generated molecule index 10. The mol2mol or the scaffold priors from REINVENT were used
smi_11,string,,Generated molecule index 11. The mol2mol or the scaffold priors from REINVENT were used
smi_12,string,,Generated molecule index 12. The mol2mol or the scaffold priors from REINVENT were used
smi_13,string,,Generated molecule index 13. The mol2mol or the scaffold priors from REINVENT were used
smi_14,string,,Generated molecule index 14. The mol2mol or the scaffold priors from REINVENT were used
smi_15,string,,Generated molecule index 15. The mol2mol or the scaffold priors from REINVENT were used
smi_16,string,,Generated molecule index 16. The mol2mol or the scaffold priors from REINVENT were used
smi_17,string,,Generated molecule index 17. The mol2mol or the scaffold priors from REINVENT were used
smi_18,string,,Generated molecule index 18. The mol2mol or the scaffold priors from REINVENT were used
smi_19,string,,Generated molecule index 19. The mol2mol or the scaffold priors from REINVENT were used
smi_20,string,,Generated molecule index 20. The mol2mol or the scaffold priors from REINVENT were used
smi_21,string,,Generated molecule index 21. The mol2mol or the scaffold priors from REINVENT were used
smi_22,string,,Generated molecule index 22. The mol2mol or the scaffold priors from REINVENT were used
smi_23,string,,Generated molecule index 23. The mol2mol or the scaffold priors from REINVENT were used
smi_24,string,,Generated molecule index 24. The mol2mol or the scaffold priors from REINVENT were used
smi_25,string,,Generated molecule index 25. The mol2mol or the scaffold priors from REINVENT were used
smi_26,string,,Generated molecule index 26. The mol2mol or the scaffold priors from REINVENT were used
smi_27,string,,Generated molecule index 27. The mol2mol or the scaffold priors from REINVENT were used
smi_28,string,,Generated molecule index 28. The mol2mol or the scaffold priors from REINVENT were used
smi_29,string,,Generated molecule index 29. The mol2mol or the scaffold priors from REINVENT were used
smi_30,string,,Generated molecule index 30. The mol2mol or the scaffold priors from REINVENT were used
smi_31,string,,Generated molecule index 31. The mol2mol or the scaffold priors from REINVENT were used
smi_32,string,,Generated molecule index 32. The mol2mol or the scaffold priors from REINVENT were used
smi_33,string,,Generated molecule index 33. The mol2mol or the scaffold priors from REINVENT were used
smi_34,string,,Generated molecule index 34. The mol2mol or the scaffold priors from REINVENT were used
smi_35,string,,Generated molecule index 35. The mol2mol or the scaffold priors from REINVENT were used
smi_36,string,,Generated molecule index 36. The mol2mol or the scaffold priors from REINVENT were used
smi_37,string,,Generated molecule index 37. The mol2mol or the scaffold priors from REINVENT were used
smi_38,string,,Generated molecule index 38. The mol2mol or the scaffold priors from REINVENT were used
smi_39,string,,Generated molecule index 39. The mol2mol or the scaffold priors from REINVENT were used
smi_40,string,,Generated molecule index 40. The mol2mol or the scaffold priors from REINVENT were used
smi_41,string,,Generated molecule index 41. The mol2mol or the scaffold priors from REINVENT were used
smi_42,string,,Generated molecule index 42. The mol2mol or the scaffold priors from REINVENT were used
smi_43,string,,Generated molecule index 43. The mol2mol or the scaffold priors from REINVENT were used
smi_44,string,,Generated molecule index 44. The mol2mol or the scaffold priors from REINVENT were used
smi_45,string,,Generated molecule index 45. The mol2mol or the scaffold priors from REINVENT were used
smi_46,string,,Generated molecule index 46. The mol2mol or the scaffold priors from REINVENT were used
smi_47,string,,Generated molecule index 47. The mol2mol or the scaffold priors from REINVENT were used
smi_48,string,,Generated molecule index 48. The mol2mol or the scaffold priors from REINVENT were used
smi_49,string,,Generated molecule index 49. The mol2mol or the scaffold priors from REINVENT were used
smi_50,string,,Generated molecule index 50. The mol2mol or the scaffold priors from REINVENT were used
smi_51,string,,Generated molecule index 51. The mol2mol or the scaffold priors from REINVENT were used
smi_52,string,,Generated molecule index 52. The mol2mol or the scaffold priors from REINVENT were used
smi_53,string,,Generated molecule index 53. The mol2mol or the scaffold priors from REINVENT were used
smi_54,string,,Generated molecule index 54. The mol2mol or the scaffold priors from REINVENT were used
smi_55,string,,Generated molecule index 55. The mol2mol or the scaffold priors from REINVENT were used
smi_56,string,,Generated molecule index 56. The mol2mol or the scaffold priors from REINVENT were used
smi_57,string,,Generated molecule index 57. The mol2mol or the scaffold priors from REINVENT were used
smi_58,string,,Generated molecule index 58. The mol2mol or the scaffold priors from REINVENT were used
smi_59,string,,Generated molecule index 59. The mol2mol or the scaffold priors from REINVENT were used
smi_60,string,,Generated molecule index 60. The mol2mol or the scaffold priors from REINVENT were used
smi_61,string,,Generated molecule index 61. The mol2mol or the scaffold priors from REINVENT were used
smi_62,string,,Generated molecule index 62. The mol2mol or the scaffold priors from REINVENT were used
smi_63,string,,Generated molecule index 63. The mol2mol or the scaffold priors from REINVENT were used
smi_64,string,,Generated molecule index 64. The mol2mol or the scaffold priors from REINVENT were used
smi_65,string,,Generated molecule index 65. The mol2mol or the scaffold priors from REINVENT were used
smi_66,string,,Generated molecule index 66. The mol2mol or the scaffold priors from REINVENT were used
smi_67,string,,Generated molecule index 67. The mol2mol or the scaffold priors from REINVENT were used
smi_68,string,,Generated molecule index 68. The mol2mol or the scaffold priors from REINVENT were used
smi_69,string,,Generated molecule index 69. The mol2mol or the scaffold priors from REINVENT were used
smi_70,string,,Generated molecule index 70. The mol2mol or the scaffold priors from REINVENT were used
smi_71,string,,Generated molecule index 71. The mol2mol or the scaffold priors from REINVENT were used
smi_72,string,,Generated molecule index 72. The mol2mol or the scaffold priors from REINVENT were used
smi_73,string,,Generated molecule index 73. The mol2mol or the scaffold priors from REINVENT were used
smi_74,string,,Generated molecule index 74. The mol2mol or the scaffold priors from REINVENT were used
smi_75,string,,Generated molecule index 75. The mol2mol or the scaffold priors from REINVENT were used
smi_76,string,,Generated molecule index 76. The mol2mol or the scaffold priors from REINVENT were used
smi_77,string,,Generated molecule index 77. The mol2mol or the scaffold priors from REINVENT were used
smi_78,string,,Generated molecule index 78. The mol2mol or the scaffold priors from REINVENT were used
smi_79,string,,Generated molecule index 79. The mol2mol or the scaffold priors from REINVENT were used
smi_80,string,,Generated molecule index 80. The mol2mol or the scaffold priors from REINVENT were used
smi_81,string,,Generated molecule index 81. The mol2mol or the scaffold priors from REINVENT were used
smi_82,string,,Generated molecule index 82. The mol2mol or the scaffold priors from REINVENT were used
smi_83,string,,Generated molecule index 83. The mol2mol or the scaffold priors from REINVENT were used
smi_84,string,,Generated molecule index 84. The mol2mol or the scaffold priors from REINVENT were used
smi_85,string,,Generated molecule index 85. The mol2mol or the scaffold priors from REINVENT were used
smi_86,string,,Generated molecule index 86. The mol2mol or the scaffold priors from REINVENT were used
smi_87,string,,Generated molecule index 87. The mol2mol or the scaffold priors from REINVENT were used
smi_88,string,,Generated molecule index 88. The mol2mol or the scaffold priors from REINVENT were used
smi_89,string,,Generated molecule index 89. The mol2mol or the scaffold priors from REINVENT were used
smi_90,string,,Generated molecule index 90. The mol2mol or the scaffold priors from REINVENT were used
smi_91,string,,Generated molecule index 91. The mol2mol or the scaffold priors from REINVENT were used
smi_92,string,,Generated molecule index 92. The mol2mol or the scaffold priors from REINVENT were used
smi_93,string,,Generated molecule index 93. The mol2mol or the scaffold priors from REINVENT were used
smi_94,string,,Generated molecule index 94. The mol2mol or the scaffold priors from REINVENT were used
smi_95,string,,Generated molecule index 95. The mol2mol or the scaffold priors from REINVENT were used
smi_96,string,,Generated molecule index 96. The mol2mol or the scaffold priors from REINVENT were used
smi_97,string,,Generated molecule index 97. The mol2mol or the scaffold priors from REINVENT were used
smi_98,string,,Generated molecule index 98. The mol2mol or the scaffold priors from REINVENT were used
smi_99,string,,Generated molecule index 99. The mol2mol or the scaffold priors from REINVENT were used
